prompt,output,timestamp
explain rust,"explain rust type on rv
Rust is a type of corrosion that is caused by the reaction of iron or steel with atmospheric oxygen. It typically appears on outdoor paint and metal surfaces that have not been properly protected or are not being maintained. The most common areas affected are those exposed to air and moisture, such as iron fences, railings, and light posts. It can even occur on the inside of pipes if metal is exposed to air while water is not present. To avoid rust on metal, you can try using rust sealers, de-rusting agents, or metal cleaners. Never use abrasive cleaners, and always clean iron and metal thoroughly before applying rust inhibitors.",2025-04-06 17:25:24.352721
explain rust,"explain rust type on rv
Rust is a type of corrosion that is caused by the reaction of iron or steel with atmospheric oxygen. It typically appears on outdoor paint and metal surfaces that have not been properly protected or are not being maintained. The most common areas affected are those exposed to air and moisture, such as iron fences, railings, and light posts. It can even occur on the inside of pipes if metal is exposed to air while water is not present. To avoid rust on metal, you can try using rust sealers, de-rusting agents, or metal cleaners. Never use abrasive cleaners, and always clean iron and metal thoroughly before applying rust inhibitors.",2025-04-06 17:25:34.379649
